5721	Trichomonas
5800	Eimeria
44417	Cyclospora
5810	Toxoplasma
94642	Besnoitia
29175	Neospora
5806	Cryptosporidium
35089	Gregarina
5820	Plasmodium
5864	Babesia
5873	Theileria
28000	Perkinsus
5931	Ichthyophthirius
5890	Tetrahymena
5884	Paramecium
5052	Aspergillus
5073	Penicillium
70110	Penicilliopsis
5094	Talaromyces
1132856	Rasamsonia
5092	Byssochlamys
5550	Trichophyton
1915381	Nannizzia
34392	Microsporum
5036	Histoplasma
229219	Blastomyces
38946	Paracoccidioides
5500	Coccidioides
33187	Uncinocarpus
40354	Fonsecaea
82105	Cladophialophora
5583	Exophiala
5600	Phialophora
43220	Capronia
5587	Rhinocladiella
226991	Cyphellophora
364710	Endocarpon
5543	Trichoderma
45234	Cordyceps
5581	Beauveria
5506	Fusarium
5529	Metarhizium
243023	Pochonia
1052105	Purpureocillium
5455	Colletotrichum
1036719	Verticillium
1401161	Sodiomyces
41687	Scedosporium
5146	Sordaria
5140	Neurospora
5149	Chaetomium
1920207	Thermothelomyces
35719	Thielavia
5144	Podospora
65412	Phaeoacremonium
29849	Gaeumannomyces
48558	Pyricularia
360145	Grosmannia
29907	Sporothrix
37840	Pestalotiopsis
47747	Hyaloscypha
324777	Marssonina
150173	Phialocephala
5179	Sclerotinia
33196	Botrytis
101851	Glarea
78156	Pseudogymnoascus
5100	Amorphotheca
33194	Bipolaris
91493	Exserohilum
5598	Alternaria
5027	Pyrenophora
1351751	Parastagonospora
5021	Leptosphaeria
125369	Paraphaeosphaeria
1494215	Verruconis
66735	Diplodia
1955842	Coniosporium
29002	Cercospora
112497	Ramularia
237179	Sphaerulina
131324	Pseudocercospora
1047167	Zymoseptoria
483074	Baudoinia
5579	Aureobasidium
1217823	Xylona
36048	Tuber
13348	Arthrobotrys
4958	Debaryomyces
1535326	Candida
36913	Lodderomyces
766748	Babjeviella
507510	Hyphopichia
766765	Yamadazyma
1539666	Suhomyces
766728	Meyerozyma
766733	Scheffersomyces
412764	Spathaspora
374469	Vanderwaltozyma
4930	Saccharomyces
300275	Lachancea
113604	Tetrapisispora
71245	Kazachstania
33170	Eremothecium
278028	Naumovozyma
4910	Kluyveromyces
374468	Nakaseomyces
4948	Torulaspora
4953	Zygosaccharomyces
599737	Wickerhamomyces
604195	Cyberlindnera
460517	Komagataella
4919	Pichia
461281	Ogataea
36910	Clavispora
27320	Metschnikowia
27308	Ascoidea
45787	Wickerhamiella
410829	Sugiyamaella
4951	Yarrowia
317045	Kuraishia
4753	Pneumocystis
4895	Schizosaccharomyces
5605	Saitoella
5305	Phanerochaete
599838	Fibroporia
114154	Dichomitus
5324	Trametes
83235	Postia
40466	Sparassis
167346	Fomitiporia
40443	Gloeophyllum
133746	Punctularia
5644	Stereum
13562	Heterobasidion
5340	Agaricus
29882	Laccaria
184431	Coprinopsis
5333	Schizophyllum
80635	Coniophora
80744	Serpula
490731	Kwoniella
5618	Tsuchiyaea
5206	Cryptococcus
105767	Tremella
4998	Kockovaella
1838142	Cutaneotrichosporon
5552	Trichosporon
105983	Apiotrichum
5280	Tilletiaria
401624	Ceraceosorus
215251	Meira
215249	Acaromyces
1981958	Pseudomicrostroma
561108	Jaminaea
1500560	Tilletiopsis
63261	Moesziomyces
63298	Pseudozyma
1804794	Kalmanozyma
1392992	Anthracocystis
5269	Ustilago
55193	Malassezia
5260	Melampsora
5296	Puccinia
34348	Mixia
5533	Rhodotorula
148959	Wallemia
27977	Nosema
42398	Vittaforma
6033	Encephalitozoon
1633384	Mitosporidium
586132	Nematocida
174684	Ordospora
35235	Vavraia
1129544	Rhizophagus
4842	Rhizopus
4836	Phycomyces
299330	Lobosporangium
100474	Batrachochytrium
4815	Spizellomyces
5690	Trypanosoma
5658	Leishmania
5683	Leptomonas
5758	Entamoeba
5782	Dictyostelium
133407	Acytostelium
2058189	Heterostelium
2058187	Cavenderia
5754	Acanthamoeba
4783	Phytophthora
4780	Plasmopara
4769	Saprolegnia
100860	Aphanomyces
5748	Nannochloropsis
12967	Blastocystis
44055	Aureococcus
2849	Phaeodactylum
35127	Thalassiosira
2902	Emiliania
5761	Naegleria
55528	Guillardia
3030	Cryptomonas
77924	Hemiselmis
877559	Thecamonas
5740	Giardia
227085	Bigelowiella
561	Escherichia
570	Klebsiella
590	Salmonella
547	Enterobacter
620	Shigella
544	Citrobacter
568987	Candidatus
203804	Candidatus
1906659	Candidatus
1906657	Candidatus
1906661	Candidatus
1682492	Candidatus
1906660	Candidatus
472825	Candidatus
1302410	Candidatus
160674	Raoultella
413496	Cronobacter
83654	Leclercia
1330547	Kosakonia
401618	Candidatus
1330545	Lelliottia
158483	Cedecea
1330546	Pluralibacter
1335483	Shimwellia
82976	Buttiauxella
2055876	Metakosakonia
1048757	Candidatus
409304	Candidatus
929812	Gibbsiella
1780190	Izhakiella
1903434	Atlantibacter
579	Kluyvera
2172100	Limnobaculum
204037	Dickeya
122277	Pectobacterium
84565	Sodalis
71655	Brenneria
1082702	Lonsdalea
629	Yersinia
613	Serratia
34037	Rahnella
1964366	Nissabacter
1927833	Candidatus
1745211	Chania
53335	Pantoea
551	Erwinia
32199	Buchnera
82986	Tatumella
51228	Wigglesworthia
2100764	Mixta
583	Proteus
586	Providencia
637	Arsenophonus
581	Morganella
626	Xenorhabdus
29487	Photorhabdus
635	Edwardsiella
568	Hafnia
82982	Obesumbacterium
702	Plesiomonas
447792	Phytobacter
82984	Pragia
82980	Leminorella
286	Pseudomonas
352	Azotobacter
1849530	Oblitimonas
469	Acinetobacter
475	Moraxella
497	Psychrobacter
662	Vibrio
511678	Aliivibrio
657	Photobacterium
51366	Salinivibrio
188143	Enterovibrio
2042066	Paraphotobacterium
246861	Grimontia
338	Xanthomonas
40323	Stenotrophomonas
2370	Xylella
68	Lysobacter
83614	Luteimonas
83618	Pseudoxanthomonas
231454	Dyella
2233801	Ahniella
242605	Luteibacter
323413	Dokdonella
75309	Rhodanobacter
70411	Frateuria
53246	Pseudoalteromonas
226	Alteromonas
2742	Marinobacter
89404	Glaciecola
288793	Salinimonas
1172191	Catenovulum
1621534	Paraglaciecola
261825	Agarivorans
1751872	Lacimicrobium
22	Shewanella
2547964	Parashewanella
28228	Colwellia
1518149	Thalassotalea
1407056	Litorilituus
135575	Idiomarina
58050	Moritella
67572	Psychromonas
44011	Ferrimonas
724	Haemophilus
745	Pasteurella
75984	Mannheimia
713	Actinobacillus
416916	Aggregatibacter
2094023	Glaesserella
214906	Histophilus
476528	Bibersteinia
292486	Avibacterium
155493	Gallibacterium
697331	Basfia
445	Legionella
461	Fluoribacter
465	Tatlockia
776	Coxiella
59195	Rickettsiella
1237	Piscirickettsia
34067	Cycloclasticus
28884	Hydrogenovibrio
40222	Methylophaga
933	Thiomicrospira
2039723	Thiomicrorhabdus
262	Francisella
1869285	Allofrancisella
1021	Beggiatoa
40751	Thioploca
642	Aeromonas
129577	Oceanimonas
225143	Oceanisphaera
347533	Zobellella
43947	Tolumonas
2745	Halomonas
235572	Candidatus
114185	Candidatus
33073	Zymobacter
1495768	Candidatus
504090	Kushneria
204286	Cobetia
376488	Halotalea
404432	Salinicola
42054	Chromohalobacter
28253	Marinomonas
187492	Thalassolituus
48075	Marinobacterium
188907	Oleispira
1537406	Bacterioplanes
59753	Alcanivorax
2025617	Ketobacter
261963	Kangiella
158481	Hahella
1445504	Gynuella
231683	Saccharospirillum
230494	Reinekea
141450	Oleiphilus
305899	Endozoicomonas
1227	Nitrosococcus
53392	Thiodictyon
85072	Allochromatium
67575	Rheinheimera
156885	Thioflavicoccus
1980513	Candidatus
13724	Thiocystis
85076	Marichromatium
106633	Thioalkalivibrio
1765964	Acidihalobacter
1051	Ectothiorhodospira
85108	Halorhodospira
1335745	Spiribacter
133193	Alkalilimnicola
437504	Granulosicoccus
1860077	Sulfuriflexus
109262	Halothiobacillus
1738655	Woeseia
1676142	Wenzhouxiangella
1273155	Thiohalobacter
2034504	Sulfurivermis
655184	Candidatus
1541743	Candidatus
1608298	Thiolapillus
204619	Candidatus
349742	Sedimenticola
745410	Gallaecimonas
1524249	Pseudohongiella
2036021	Agarilytica
10	Cellvibrio
2425	Teredinibacter
316625	Saccharophagus
447467	Simiduia
1217416	Halioglobus
393661	Congregibacter
48073	Microbulbifer
630749	Spongiibacter
1084558	Oceanicoccus
1434050	Zhongshania
416	Methylomonas
39773	Methylomicrobium
73778	Methylocaldum
762296	Methylovulum
413	Methylococcus
1692042	Sulfurifustis
986106	Acidiferrobacter
1744881	Sulfuricaulis
1193503	Gilliamella
1335631	Frischella
869	Dichelobacter
2717	Cardiobacterium
413435	Solimonas
469322	Steroidobacter
180541	Salinisphaera
1934947	Immundisolibacter
379	Rhizobium
357	Agrobacterium
1525371	Neorhizobium
28105	Sinorhizobium
106591	Ensifer
323620	Shinella
34019	Liberibacter
234	Brucella
528	Ochrobactrum
374	Bradyrhizobium
85413	Bosea
1073	Rhodopseudomonas
40136	Oligotropha
911	Nitrobacter
1033	Afipia
1649510	Variibacter
407	Methylobacterium
2282523	Methylorubrum
186650	Microvirga
68287	Mesorhizobium
31988	Aminobacter
28100	Phyllobacterium
274591	Hoeflea
449972	Chelativorans
245876	Nitratireductor
1915401	Roseitalea
773	Bartonella
46913	Devosia
81	Hyphomicrobium
59282	Blastochloris
623276	Maritalea
119044	Filomicrobium
1082930	Pelagibacterium
29407	Rhodoplanes
1068	Rhodomicrobium
414371	Aureimonas
293088	Martelella
133	Methylocystis
425	Methylosinus
261933	Pleomorphomonas
196080	Terasakiella
120652	Methylocella
532	Beijerinckia
1156568	Methylovirgula
444432	Anderseniella
256616	Parvibaculum
1541445	Candidatus
1484898	Methyloceanibacter
1572860	Hartmannibacter
1734920	Pseudorhodoplanes
556257	Pseudolabrys
279	Xanthobacter
6	Azorhizobium
152053	Starkeya
28209	Chelatococcus
655352	Cohaesibacter
1406135	Breoghania
302485	Phaeobacter
1060	Rhodobacter
265	Paracoccus
60136	Sulfitobacter
875170	Celeribacter
34008	Rhodovulum
92944	Ketogulonicigenium
191028	Leisingera
1855413	Brevirhabdus
354203	Yangia
2433	Roseobacter
367771	Marinovum
366614	Haematobacter
478070	Labrenzia
1649279	Epibacterium
263377	Salipiger
360528	Pelagibaca
97050	Ruegeria
227873	Pannonibacter
299261	Tateyamaria
53945	Octadecabacter
58842	Sagittula
309512	Dinoroseobacter
436357	Thalassococcus
74030	Roseovarius
1541818	Sedimentitalea
1443919	Tabrizicola
74032	Antarctobacter
1097466	Defluviimonas
238783	Pseudorhodobacter
204456	Gemmobacter
1609958	Confluentimicrobium
285107	Thioclava
2211641	Yoonia
258255	Pseudovibrio
188905	Jannaschia
1579315	Halocynthiibacter
1759396	Marivivens
152161	Stappia
1955420	Silicimonas
119541	Rhodobaca
1648497	Boseongicola
159345	Roseibacterium
85	Hyphomonas
2723	Hirschia
74317	Maricaulis
1433402	Glycocaulis
434	Acetobacter
1434011	Komagataeibacter
441	Gluconobacter
522	Acidiphilium
125216	Roseomonas
153497	Kozakia
364409	Granulibacter
89583	Gluconacetobacter
50714	Acidisphaera
1079922	Commensalibacter
320496	Neoasaia
91914	Asaia
1602345	Parasaccharibacter
191	Azospirillum
13134	Magnetospirillum
168934	Thalassospira
171436	Tistrella
1543704	Niveispirillum
1081	Rhodospirillum
1543705	Nitrospirillum
2478349	Indioceanicola
1804663	Haematospirillum
1182780	Magnetospira
1263978	Candidatus
1612157	Pararhodospirillum
165695	Sphingobium
13687	Sphingomonas
541	Zymomonas
165697	Sphingopyxis
165696	Novosphingobium
150203	Blastomonas
1434046	Sphingorhabdus
1649486	Rhizorhabdus
335405	Sphingosinicella
72173	Citromicrobium
1041	Erythrobacter
361177	Altererythrobacter
1295327	Croceicoccus
1111	Porphyrobacter
1855416	Qipengyuania
780	Rickettsia
69474	Orientia
2115980	Candidatus
953	Wolbachia
943	Ehrlichia
768	Anaplasma
33993	Neorickettsia
411566	Candidatus
1802983	Candidatus
75	Caulobacter
41275	Brevundimonas
76890	Asticcacaulis
20	Phenylobacterium
1632780	Phreatobacter
213485	Micavibrio
991903	Polymorphum
767891	Candidatus
198251	Candidatus
2045213	Candidatus
1521255	Candidatus
1509243	Candidatus
162171	Magnetococcus
1602338	Emcibacter
208215	Parvularcula
32008	Burkholderia
106589	Cupriavidus
48736	Ralstonia
1822464	Paraburkholderia
93217	Pandoraea
44013	Polynucleobacter
2571159	Mycetohabitans
47670	Lautropia
1810868	Mycoavidus
1910924	Hydromonas
517	Bordetella
222	Achromobacter
507	Alcaligenes
29574	Taylorella
290425	Advenella
305976	Pusillimonas
152267	Pigmentiphaga
1921582	Orrella
359336	Castellaniella
1100891	Paenalcaligenes
90243	Oligella
1472344	Basilea
257820	Kerstersia
12916	Acidovorax
52972	Polaromonas
34072	Variovorax
28065	Rhodoferax
47420	Hydrogenophaga
283	Comamonas
80865	Delftia
201096	Alicycliphilus
2490452	Serpentinomonas
352450	Simplicispira
174951	Ramlibacter
219181	Ottowia
665874	Limnohabitans
1649468	Melaminivora
364316	Verminephrobacter
281915	Curvibacter
232523	Hylemonella
1436289	Candidatus
238749	Diaphorobacter
149698	Massilia
963	Herbaspirillum
29580	Janthinobacterium
202907	Collimonas
303379	Herminiimonas
846	Oxalobacter
401469	Undibacterium
32012	Thiomonas
316612	Methylibium
212743	Rhizobacter
65047	Mitsuaria
92793	Aquabacterium
93681	Roseateles
318147	Paucibacter
88	Leptothrix
28067	Rubrivivax
40544	Sutterella
482	Neisseria
59	Vitreoscilla
538	Eikenella
1654931	Crenobacter
1193515	Snodgrassella
71	Simonsiella
32257	Kingella
535	Chromobacterium
32014	Iodobacter
407217	Aquitalea
168470	Laribacter
57479	Microvirgula
568394	Pseudogulbenkiania
57739	Vogesella
187	Aquaspirillum
885864	Jeongeupia
914	Nitrosomonas
35798	Nitrosospira
81682	Methylovorus
359407	Methylotenera
1679002	Candidatus
404	Methylobacillus
16	Methylophilus
935200	Sulfuricella
1778653	Sulfuriferula
96	Gallionella
314343	Sideroxydans
1443590	Ferriphaselus
378210	Methyloversatilis
1054211	Sulfuritalea
919	Thiobacillus
1938335	Sulfuritortus
12960	Azoarcus
33057	Thauera
551759	Aromatoleum
146937	Azospira
73029	Dechloromonas
33055	Candidatus
327159	Candidatus
1381133	Candidatus
189384	Candidatus
1301080	Candidatus
194	Campylobacter
28196	Arcobacter
2321111	Aliiarcobacter
57665	Sulfurospirillum
209	Helicobacter
286130	Sulfuricurvum
202746	Sulfurimonas
843	Wolinella
269260	Nitratifractor
191291	Nautilia
1775691	Cetia
191301	Caminibacter
265570	Sulfurovum
269258	Nitratiruptor
872	Desulfovibrio
41707	Lawsonia
2035811	Pseudodesulfovibrio
898	Desulfomicrobium
45662	Desulfohalobium
28231	Geobacter
392332	Geoalkalibacter
18	Pelobacter
890	Desulfuromonas
32	Myxococcus
83461	Corallococcus
47	Archangium
42	Cystobacter
40	Stigmatella
44	Melittangium
161492	Anaeromyxobacter
1524214	Vulgatibacter
39643	Sorangium
50	Chondromyces
1882917	Pajaroellobacter
1055688	Sandaracinus
162027	Haliangium
2289	Desulfobacter
896	Desulfococcus
2295	Desulfobacterium
218207	Desulfatibacillum
28222	Desulfobacula
109168	Desulfotalea
53318	Desulfocapsa
427922	Desulfurivibrio
893	Desulfobulbus
2357	Desulfomonile
60892	Desulfobacca
43773	Syntrophus
29526	Syntrophobacter
361106	Desulfoglaeba
33001	Desulfurella
84404	Hippea
1779136	Bradymonas
453229	Desulfarculus
1902583	Candidatus
119977	Acidithiobacillus
958	Bdellovibrio
1652133	Halobacteriovorax
146784	Bacteriovorax
377315	Mariprofundus
70774	Hydrogenophilus
1386	Bacillus
129337	Geobacillus
84406	Virgibacillus
400634	Lysinibacillus
1906945	Parageobacillus
150247	Anoxybacillus
45667	Halobacillus
182709	Oceanobacillus
351195	Salimicrobium
1329200	Fictibacillus
459532	Terribacillus
175304	Lentibacillus
200903	Paraliobacillus
1055323	Aeribacillus
29331	Amphibacillus
1279	Staphylococcus
69965	Macrococcus
45669	Salinicoccus
227979	Jeotgalicoccus
2005363	Auricoccus
1637	Listeria
2755	Brochothrix
44249	Paenibacillus
55080	Brevibacillus
329857	Cohnella
55079	Aneurinibacillus
76632	Thermobacillus
1372	Planococcus
1569	Sporosarcina
648800	Solibacillus
651660	Paenisporosarcina
1649	Kurthia
157226	Jeotgalibacillus
648802	Rummeliibacillus
160795	Ureibacillus
33986	Exiguobacterium
1378	Gemella
29330	Alicyclobacillus
432330	Tumebacillus
1129704	Kyrpidia
1677050	Novibacillus
292635	Laceyella
2023	Thermoactinomyces
2077	Sporolactobacillus
1578	Lactobacillus
1253	Pediococcus
1301	Streptococcus
1357	Lactococcus
1350	Enterococcus
33969	Melissococcus
51668	Tetragenococcus
2737	Vagococcus
1243	Leuconostoc
46255	Weissella
46254	Oenococcus
2747	Carnobacterium
1470540	Jeotgalibaca
191769	Marinilactibacillus
1375	Aerococcus
1485	Clostridium
49082	Candidatus
114627	Alkaliphilus
390805	Geosporobacter
1981033	Mordavella
1769729	Hathewaya
1870884	Clostridioides
1849828	Paeniclostridium
1481960	Peptoclostridium
186831	Acetoanaerobium
44259	Filifactor
830	Butyrivibrio
1506553	Lachnoclostridium
572511	Blautia
698776	Cellulosilyticum
841	Roseburia
207244	Anaerostipes
2569097	Anaerobutyricum
2039240	Anaerotignum
1164882	Lachnoanaerobaculum
1663717	Herbinix
79206	Desulfosporosinus
36853	Desulfitobacterium
1562	Desulfotomaculum
56112	Dehalobacter
2282740	Desulfallas
2282742	Desulfofarcimen
51514	Dehalobacterium
51196	Syntrophobotulus
278993	Thermincola
471826	Candidatus
1263	Ruminococcus
253238	Ethanoligenens
216851	Faecalibacterium
1905344	Ruthenibacterium
946234	Flavonifractor
1738645	Caproiciproducens
1918385	Acutalibacter
2304692	Hungateiclostridium
2304691	Thermoclostridium
2304693	Pseudoclostridium
1508657	Ruminiclostridium
1637257	Mageeibacillus
236752	Fastidiosipila
86331	Mogibacterium
2060094	Aminipila
73918	Thermaerobacter
178898	Carboxydocella
1730	Eubacterium
33951	Acetobacterium
1392389	Intestinimonas
2039302	Monoglobus
459786	Oscillibacter
990721	Christensenella
862	Syntrophomonas
129001	Syntrophothermus
2733	Symbiobacterium
2697	Heliobacterium
1754	Thermoanaerobacter
44260	Moorella
42837	Ammonifex
499228	Tepidanaerobacter
202949	Thermanaeromonas
140458	Thermacetogenium
249529	Caldanaerobacter
129957	Carboxydothermus
44000	Caldicellulosiruptor
28895	Thermoanaerobacterium
291988	Thermosediminibacter
227388	Thermodesulfobium
252965	Mahella
2330	Halanaerobium
46466	Halocella
32636	Halothermothrix
42417	Halobacteroides
28186	Acetohalobium
1769008	Anoxybacter
375928	Natranaerobius
970	Selenomonas
158846	Megamonas
365348	Pelosinus
2093783	Methylomusa
906	Megasphaera
29465	Veillonella
39948	Dialister
909928	Negativicoccus
33024	Phascolarctobacterium
904	Acidaminococcus
162289	Peptoniphilus
543311	Parvimonas
165779	Anaerococcus
150022	Finegoldia
1161127	Murdochiella
253255	Soehngenia
1505664	Gottschalkia
165812	Sporanaerobacter
1582879	Ezakiella
1647	Erysipelothrix
1729679	Faecalibaculum
191303	Turicibacter
1573534	Faecalitalea
1505663	Erysipelatoclostridium
1930845	Ndongobacter
1676651	Limnochorda
1763	Mycobacterium
670516	Mycobacteroides
1866885	Mycolicibacterium
697025	Hoyosella
1073531	Mycolicibacter
1716	Corynebacterium
1827	Rhodococcus
1817	Nocardia
2053	Gordonia
37914	Dietzia
2060	Tsukamurella
1847725	Lawsonella
286801	Segniliparus
33882	Microbacterium
1573	Clavibacter
110932	Leifsonia
33886	Rathayibacter
69578	Cryobacterium
529883	Rhodoluna
529881	Candidatus
33877	Agromyces
2034	Curtobacterium
447237	Frondihabitans
46352	Agrococcus
1705353	Aurantimicrobium
1759331	Cnuibacter
190323	Plantibacter
518733	Microterricola
55968	Leucobacter
235888	Salinibacterium
1195526	Gryllotalpicola
76634	Mycetocola
427753	Humibacter
1434018	Lysinimonas
337004	Microcella
1434032	Pontimonas
1663	Arthrobacter
57493	Kocuria
1742993	Pseudarthrobacter
1742989	Glutamicibacter
32207	Rothia
1269	Micrococcus
169133	Citricoccus
1645	Renibacterium
1742992	Paenarthrobacter
596707	Sinomonas
2078575	Psychromicrobium
1160973	Auritidibacter
1868332	Neomicrococcus
370735	Zhihengliuella
1696	Brevibacterium
43668	Brachybacterium
472568	Devriesea
36739	Dermabacter
53357	Intrasporangium
265976	Serinicoccus
125287	Ornithinimicrobium
53457	Janibacter
367298	Phycicoccus
267408	Arsenicicoccus
157920	Cellulosimicrobium
254250	Isoptericola
228972	Xylanibacterium
186188	Xylanimonas
289244	Xylanimicrobium
1707	Cellulomonas
665568	Paraoerskovia
57495	Dermacoccus
745364	Luteipulveratus
57499	Kytococcus
947525	Miniimonas
84756	Beutenbergia
43673	Jonesia
1184606	Austwickia
1862	Dermatophilus
2038	Tropheryma
60919	Sanguibacter
154116	Georgenia
1883	Streptomyces
2063	Kitasatospora
228398	Streptacidiphilus
1678	Bifidobacterium
2701	Gardnerella
196082	Parascardovia
196081	Scardovia
1912216	Cutibacterium
1743	Propionibacterium
1912215	Acidipropionibacterium
72763	Tessaracoccus
1912217	Pseudopropionibacterium
29404	Microlunatus
1278221	Auraticoccus
203133	Propionimicrobium
1839	Nocardioides
2040	Aeromicrobium
53387	Friedmanniella
182639	Kribbella
117156	Actinopolymorpha
2044	Pimelobacter
116071	Micropruina
86795	Marmoricola
1847	Pseudonocardia
1813	Amycolatopsis
1851	Saccharomonospora
65496	Actinoalloteichus
40566	Actinosynnema
142577	Prauserella
2029	Kibdelosporangium
165301	Lentzea
43356	Kutzneria
2071	Saccharothrix
1137960	Allokutzneria
1835	Saccharopolyspora
674734	Alloactinosynnema
1654	Actinomyces
1069494	Trueperella
2529408	Schaalia
28263	Arcanobacterium
1522056	Flaviflexus
76833	Actinobaculum
1653174	Actinotignum
2050	Mobiluncus
1873	Micromonospora
1865	Actinoplanes
673534	Plantactinospora
168694	Salinispora
84593	Verrucosispora
2013	Nocardiopsis
104204	Streptomonospora
83677	Thermobifida
2000	Streptosporangium
83681	Nonomuraea
1988	Actinomadura
2019	Thermomonospora
622681	Candidatus
2039639	Candidatus
1854	Frankia
1434010	Jatrophihabitans
88138	Modestobacter
1860	Geodermatophilus
38501	Blastococcus
53460	Nakamurella
33981	Kineococcus
281472	Jiangella
414878	Catenulispora
283810	Stackebrandtia
1849	Actinopolyspora
147067	Thermobispora
28048	Acidothermus
133925	Olsenella
1935188	Libanicoccus
2082587	Parolsenella
1380	Atopobium
102106	Collinsella
33870	Coriobacterium
644652	Gordonibacter
84111	Eggerthella
84108	Slackia
447020	Adlercreutzia
79603	Denitrobacterium
84162	Cryptobacterium
1981050	Phoenicibacter
42255	Rubrobacter
908623	Euzebya
1747770	Egibacter
1755825	Egicoccus
191494	Conexibacter
53634	Acidimicrobium
1177	Nostoc
1163	Anabaena
264688	Trichormus
56106	Cylindrospermum
1186	Calothrix
188910	Microchaete
373984	Rivularia
1203	Scytonema
1190	Fischerella
110103	Anabaenopsis
159191	Nodularia
752201	Sphaerospermopsis
748770	Dolichospermum
244599	Raphidiopsis
212347	Aulosira
111782	Tolypothrix
1129	Synechococcus
146785	Thermosynechococcus
167375	Cyanobium
13034	Dactylococcopsis
1142	Synechocystis
47251	Leptolyngbya
1218	Prochlorococcus
1152	Pseudanabaena
155977	Acaryochloris
217161	Chamaesiphon
170610	Halomicronema
43988	Cyanothece
44471	Microcoleus
54304	Planktothrix
35823	Arthrospira
1205	Trichodesmium
1158	Oscillatoria
1155738	Moorea
241421	Crinalium
63132	Geitlerinema
669357	Geminocystis
268175	Chondrocystis
102231	Gloeocapsa
1125	Microcystis
76023	Halothece
1453359	Candidatus
102234	Cyanobacterium
102115	Stanieria
44474	Pleurocapsa
54298	Chroococcidiopsis
33071	Gloeobacter
1188227	Gloeomargarita
2093	Mycoplasma
2129	Ureaplasma
295595	Candidatus
2132	Spiroplasma
46239	Mesoplasma
46238	Entomoplasma
33926	Candidatus
2147	Acholeplasma
1912503	Candidatus
1298	Deinococcus
332248	Truepera
270	Thermus
65551	Meiothermus
208447	Oceanithermus
186191	Marinithermus
61434	Dehalococcoides
670486	Dehalogenimonas
1107	Chloroflexus
120961	Roseiflexus
233189	Anaerolinea
1649478	Pelolinea
2019482	Brevefilum
2056	Sphaerobacter
499	Thermomicrobium
1988031	Candidatus
233191	Caldilinea
1005038	Fimbriimonas
1077265	Chthonomonas
262406	Thermobaculum
138	Borrelia
64895	Borreliella
157	Treponema
399320	Sphaerochaeta
146	Spirochaeta
1911556	Sediminispirochaeta
1616789	Salinispira
171	Leptospira
338321	Turneriella
29521	Brachyspira
59732	Chryseobacterium
237	Flavobacterium
308865	Elizabethkingia
1016	Capnocytophaga
34084	Riemerella
52959	Polaribacter
363408	Nonlabens
104267	Tenacibaculum
76831	Myroides
252356	Maribacter
104264	Cellulophaga
292691	Gramella
326319	Dokdonia
286104	Winogradskyella
225842	Formosa
290174	Aquimarina
291183	Lacinutrix
28250	Ornithobacterium
143222	Salegentibacter
111500	Muricauda
153265	Aequorivita
336276	Olleya
358023	Lutibacter
178469	Arenibacter
1013	Weeksella
112040	Zobellia
1209327	Flavivirga
221065	Kordia
417127	Zunongwangia
1287916	Euzebyella
527198	Mariniflexile
83612	Psychroflexus
393005	Tamlana
261827	Algibacter
444459	Flagellimonas
252306	Robiginitalea
389486	Sediminicola
49277	Psychroserpens
1649495	Seonamhaeicola
244698	Gillisia
1518147	Wenyingzhuangia
1176327	Aureitalea
379070	Gilvibacter
762641	Muriicola
1204360	Siansivirga
1778601	Apibacter
216431	Croceibacter
501783	Cloacibacterium
34098	Blattabacterium
336809	Candidatus
1940138	Candidatus
332102	Fluviicola
267986	Owenweeksia
1755829	Ichthyobacterium
838	Prevotella
577309	Paraprevotella
816	Bacteroides
836	Porphyromonas
307628	Petrimonas
1784836	Fermentimonas
511434	Candidatus
1918540	Muribaculum
2518495	Duncaniella
195950	Tannerella
375288	Parabacteroides
239759	Alistipes
1611681	Mucinivorans
283168	Odoribacter
574697	Butyricimonas
294702	Proteiniphilum
346096	Paludibacter
397864	Barnesiella
1471399	Draconibacterium
1193324	Alkalitalea
1970191	Salinivirga
89966	Hymenobacter
323449	Pontibacter
1379908	Rufibacter
105	Runella
107	Spirosoma
861914	Fibrella
120831	Dyadobacter
2173039	Arcticibacterium
978	Cytophaga
319458	Leadbetterella
1664383	Pseudarcicella
59740	Persicobacter
59739	Flammeovirga
869806	Marivirga
446458	Fabibacter
390846	Echinicola
68288	Cyclobacterium
246875	Algoriphagus
280472	Aquiflexum
232244	Belliella
273135	Candidatus
281119	Candidatus
1433993	Chryseolinea
1937972	Bernardetia
146918	Salinibacter
29548	Rhodothermus
28453	Sphingobacterium
84567	Pedobacter
423349	Mucilaginibacter
929509	Solitalea
1649482	Pseudopedobacter
79328	Chitinophaga
398041	Flavisolibacter
379899	Niabella
1769012	Arachidicoccus
354354	Niastella
1884792	Pseudoflavitalea
649460	Filimonas
2349	Haliscomenobacter
1007	Saprospira
1091	Chlorobium
1099	Pelodictyon
1101	Prosthecochloris
256319	Chlorobaculum
100715	Chloroherpeton
795750	Ignavibacterium
1134403	Melioribacter
2489367	Candidatus
1706036	Gemmatirosa
173479	Gemmatimonas
832	Fibrobacter
456826	Candidatus
810	Chlamydia
282132	Candidatus
112987	Neochlamydia
83551	Parachlamydia
34093	Simkania
71666	Waddlia
239934	Akkermansia
2735	Verrucomicrobium
178440	Opitutus
2576890	Nibricoccus
1961799	Lacunisphaera
2028344	Ereboglobus
442430	Coraliomargarita
511745	Methylacidiphilum
134550	Candidatus
118	Planctomyces
1649480	Planctopirus
1936111	Fuerstia
265488	Rhodopirellula
123	Pirellula
1649490	Rubinisphaera
1676125	Thermogutta
466152	Singulisphaera
1763521	Paludisphaera
127	Isosphaera
113	Gemmata
2483368	Sedimentisphaera
666508	Phycisphaera
380738	Candidatus
1921784	Kiritimatiella
848	Fusobacterium
167639	Ilyobacter
32067	Leptotrichia
34104	Streptobacillus
32068	Sebaldella
168808	Sneathia
2335	Thermotoga
1643951	Pseudothermotoga
2422	Fervidobacterium
2420	Thermosipho
160798	Marinitoga
28236	Petrotoga
1511648	Defluviitoga
651456	Kosmotoga
1184396	Mesotoga
940557	Granulicella
392733	Terriglobus
658061	Candidatus
33973	Acidobacterium
332162	Candidatus
458032	Chloracidobacterium
2004797	Luteitalea
168657	Hydrogenobaculum
75905	Thermocrinis
939	Hydrogenobacter
2713	Aquifex
212790	Sulfurihydrogenibium
182899	Persephonella
412592	Thermosulfidibacter
171868	Thermovibrio
64159	Desulfurobacterium
1331051	Candidatus
1551504	Candidatus
2250122	Candidatus
1930592	Vampirococcus
1408194	Endomicrobium
423604	Elusimicrobium
1234	Nitrospira
179	Leptospirillum
28261	Thermodesulfovibrio
81461	Thermanaerovibrio
336260	Thermovirga
508459	Cloacibacillus
81411	Aminomonas
49894	Acetomicrobium
81466	Aminobacterium
428711	Jonquetella
53572	Deferribacter
545865	Calditerrivibrio
117999	Denitrovibrio
46200	Geovibrio
2351	Flexistipes
1740	Thermodesulfobacterium
241192	Thermodesulfatator
444090	Caldimicrobium
187144	Caldithrix
13	Dictyoglomus
393029	Desulfurispirillum
693074	Caldisericum
68335	Coprothermobacter
2237	Haloarcula
203135	Halomicrobium
63743	Natronomonas
146825	Halorhabdus
1073987	Halorientalis
1542963	Halapricum
2239	Halobacterium
332246	Halalkalicoccus
1656823	Halanaeroarchaeum
1070314	Halorussus
1980514	Halodesulfurarchaeum
2251	Haloferax
376170	Haloplanus
293431	Haloquadratum
60846	Halogeometricum
1073986	Halobellus
1911573	Haloprofundus
56688	Halorubrum
1644057	Salinigranum
1209988	Halopenitus
1450140	Halohasta
121871	Haloterrigena
88723	Natrinema
253106	Natronolimnobius
134813	Natronorubrum
353799	Halostagnicola
63742	Natrialba
387342	Halopiger
29287	Natronococcus
203193	Halobiforma
2256	Natronobacterium
1269201	Salinarchaeum
2207	Methanosarcina
2175	Methanohalophilus
2225	Methanococcoides
101191	Methanomethylovorans
2321	Methanohalobium
2220	Methanolobus
196136	Methanosalsum
2222	Methanothrix
45989	Methanoculleus
2314	Methanoplanus
230355	Methanolacinia
81416	Methanofollis
395331	Methanoregula
475087	Methanosphaerula
499551	Methanolinea
2202	Methanospirillum
2192	Methanocorpusculum
570266	Methanocella
2160	Methanobacterium
2172	Methanobrevibacter
145260	Methanothermobacter
2316	Methanosphaera
2179	Methanothermus
2184	Methanococcus
155862	Methanothermococcus
196118	Methanocaldococcus
196119	Methanotorris
2263	Thermococcus
2260	Pyrococcus
83867	Palaeococcus
74968	Ferroplasma
2302	Thermoplasma
1747777	Cuniculiplasma
46631	Picrophilus
1080709	Methanomassiliicoccus
1607807	Candidatus
1291539	Candidatus
379546	Aciduliprofundum
2233	Archaeoglobus
190818	Geoglobus
54260	Ferroglobus
2319	Methanopyrus
2284	Sulfolobus
2100760	Saccharolobus
41980	Metallosphaera
12914	Acidianus
69655	Sulfurisphaera
2017961	Sulfodiicoccus
2276	Pyrobaculum
164450	Vulcanisaeta
2270	Thermoproteus
76886	Caldivirga
2268	Thermofilum
2273	Desulfurococcus
2279	Staphylothermus
54258	Ignicoccus
477695	Thermogladius
54253	Thermosphaera
2308	Pyrodictium
54251	Pyrolobus
54247	Hyperthermus
105850	Acidilobus
200414	Caldisphaera
1826864	Candidatus
497726	Nitrososphaera
498374	Candidatus
338191	Nitrosopumilus
1993653	Candidatus
1825023	Candidatus
1593364	Candidatus
498845	Candidatus
2490204	Candidatus
11572	Orthobunyavirus
11611	Tospovirus
1980533	Herbevirus
2501994	Shangavirus
11584	Phlebovirus
12329	Tenuivirus
1980421	Phasivirus
2509283	Wubeivirus
2501976	Horwuvirus
2501978	Hudovirus
2501977	Hudivirus
2501981	Beidivirus
2501980	Banyangvirus
2560157	Kabutovirus
1980420	Goukovirus
1980442	Orthohantavirus
2501367	Mobatvirus
2501368	Thottimvirus
1653394	Mammarenavirus
1653395	Reptarenavirus
11618	Arenavirus
675845	Emaravirus
1980517	Orthonairovirus
2501970	Shaspivirus
2501971	Striwavirus
2560196	Orthotospovirus
1980538	Orthophasmavirus
2501998	Wuhivirus
2501997	Jonvirus
2508258	Hubavirus
2508256	Lincruvirus
2560118	Coguvirus
197911	Alphainfluenzavirus
35323	Thogotovirus
1299308	Quaranjavirus
197912	Betainfluenzavirus
324913	Isavirus
197913	Gammainfluenzavirus
1511083	Deltainfluenzavirus
2034997	Tilapinevirus
11286	Lyssavirus
11271	Vesiculovirus
1972611	Hapavirus
1978532	Ledantevirus
11305	Cytorhabdovirus
32613	Ephemerovirus
11306	Nucleorhabdovirus
1308858	Sigmavirus
1299306	Tibrovirus
1985692	Sripuvirus
1972682	Almendravirus
1985687	Curiovirus
1513299	Sprivivirus
186778	Novirhabdovirus
1913605	Dichorhavirus
1513300	Tupavirus
1298653	Perhabdovirus
2560088	Alphanemrhavirus
140295	Varicosavirus
11229	Morbillivirus
186938	Respirovirus
260964	Henipavirus
2560155	Jeilongvirus
2560185	Narmovirus
1232658	Aquaparamyxovirus
2560217	Salemvirus
1283308	Ferlavirus
260963	Avulavirus
2560200	Pararubulavirus
39744	Rubulavirus
2560194	Orthoavulavirus
186458	Orthobornavirus
2136036	Carbovirus
186536	Ebolavirus
186537	Marburgvirus
1513236	Cuevavirus
1868215	Orthopneumovirus
162387	Metapneumovirus
1513295	Nyavirus
2501972	Berhavirus
2501974	Tapwovirus
1884454	Socyvirus
1884458	Crustavirus
1884459	Wastrivirus
1884457	Chengtivirus
1921703	Sunshinevirus
1884455	Anphevirus
1985709	Peropuvirus
1883068	Sclerotimonavirus
1884456	Arlivirus
2507291	Mivirus
88129	Ophiovirus
2507497	Yingvirus
2508253	Yuyuevirus
10892	Orbivirus
10912	Rotavirus
10985	Phytoreovirus
208294	Seadornavirus
699182	Mimoreovirus
10882	Orthoreovirus
10981	Cypovirus
10979	Aquareovirus
10988	Fijivirus
311227	Mycoreovirus
10911	Coltivirus
699180	Dinovernavirus
10992	Oryzavirus
12059	Enterovirus
194960	Kobuvirus
12091	Hepatovirus
1330069	Megrivirus
586418	Cosavirus
686982	Sapelovirus
12109	Aphthovirus
138954	Parechovirus
12103	Cardiovirus
1511804	Rosavirus
1511771	Avisivirus
1511775	Gallivirus
1914566	Limnipivirus
688449	Salivirus
1755589	Kunsagivirus
1755587	Sicinivirus
1330067	Dicipivirus
1511802	Passerivirus
1511778	Mischivirus
1481451	Mosavirus
1511780	Oscivirus
1431456	Hunnivirus
1506581	Crohivirus
1986961	Ampivirus
2169637	Aalivirus
194961	Erbovirus
2003390	Harkavirus
2025077	Rabovirus
1659770	Sakobuvirus
2560168	Livupivirus
691955	Avihepatovirus
1914567	Potamipivirus
586425	Senecavirus
118139	Teschovirus
2169638	Bopivirus
2169639	Orivirus
689759	Tremovirus
2169640	Shanbavirus
1511782	Pasivirus
2025078	Torchivirus
1330065	Aquamavirus
12270	Nepovirus
12258	Comovirus
12269	Fabavirus
675073	Torradovirus
310684	Cheravirus
12050	Waikavirus
12057	Sequivirus
215920	Sadwavirus
232799	Iflavirus
144051	Cripavirus
1213379	Aparavirus
1922209	Triatovirus
2219055	Posavirus
2219049	Husavirus
674962	Bacillarnavirus
2560218	Salisharnavirus
2560230	Sogarnavirus
674970	Labyrnavirus
2560164	Kusarnavirus
2560169	Locarnavirus
324902	Marnavirus
2169646	Sopolycivirus
2169644	Chipolycivirus
2169645	Hupolycivirus
12163	Carlavirus
129725	Foveavirus
1914299	Robigovirus
184751	Vitivirus
40276	Trichovirus
12174	Capillovirus
1914293	Divavirus
1914296	Chordovirus
1914295	Prunevirus
1232754	Tepovirus
699166	Citrivirus
2560252	Wamavirus
12176	Potexvirus
140568	Allexivirus
249199	Mandarivirus
1921433	Platypuvirus
675076	Lolavirus
675065	Botrexvirus
675066	Sclerodarnavirus
12148	Tymovirus
12051	Marafivirus
249185	Maculavirus
2169569	Deltaflexivirus
675062	Mycoflexivirus
12195	Potyvirus
39731	Bymovirus
137757	Ipomovirus
156207	Tritimovirus
156208	Macluravirus
1230390	Poacevirus
39730	Rymovirus
675844	Brambyvirus
2169649	Roymovirus
2169648	Bevemovirus
1511809	Betapartitivirus
1511808	Alphapartitivirus
1511811	Gammapartitivirus
1511810	Deltapartitivirus
675059	Cryspovirus
11051	Flavivirus
11102	Hepacivirus
11095	Pestivirus
1307799	Pegivirus
12316	Ilarvirus
12300	Bromovirus
12304	Cucumovirus
413970	Anulavirus
154322	Oleavirus
12320	Alfamovirus
693996	Alphacoronavirus
694002	Betacoronavirus
1159901	Deltacoronavirus
694013	Gammacoronavirus
2499615	Iotaarterivirus
2499612	Deltaarterivirus
2499613	Epsilonarterivirus
2499616	Thetaarterivirus
2499614	Etaarterivirus
2499617	Zetaarterivirus
2499674	Betaarterivirus
2499675	Gammaarterivirus
2499611	Lambdaarterivirus
2499609	Muarterivirus
2499676	Kappaarterivirus
1312873	Alphamesonivirus
2507289	Turrinivirus
11155	Torovirus
694018	Bafinivirus
2508211	Oncotshavirus
2508244	Pregotovirus
2508243	Infratovirus
2508241	Bostovirus
2508230	Charybnivirus
2508231	Paguronivirus
199703	Okavirus
2508224	Alphamononivirus
674981	Victorivirus
11007	Totivirus
39755	Leishmaniavirus
674952	Trichomonasvirus
11011	Giardiavirus
1307798	Negevirus
12234	Tobamovirus
186886	Pomovirus
12291	Furovirus
12293	Tobravirus
12326	Hordeivirus
119492	Pecluvirus
1920771	Goravirus
12141	Tombusvirus
1911599	Alphacarmovirus
1911602	Pelarspovirus
186457	Aureusvirus
186844	Panicovirus
1911601	Gammacarmovirus
1911600	Betacarmovirus
1299309	Alphanecrovirus
1299311	Betanecrovirus
39739	Machlomovirus
1299313	Zeavirus
1299310	Macanavirus
1299312	Gallantivirus
39734	Umbravirus
12266	Dianthovirus
146761	Avenavirus
67753	Crinivirus
12160	Closterovirus
217160	Ampelovirus
1513308	Velarivirus
2560087	Alphachrysovirus
2560100	Betachrysovirus
11014	Chrysovirus
186768	Mitovirus
186767	Narnavirus
119164	Polerovirus
12036	Luteovirus
12289	Enamovirus
249588	Mamastrovirus
249589	Avastrovirus
142786	Norovirus
95337	Vesivirus
95341	Sapovirus
95339	Lagovirus
696855	Nebovirus
2560097	Bavovirus
2560219	Salovirus
2560177	Minovirus
2003394	Alphaendornavirus
2003395	Betaendornavirus
185756	Apscaviroid
185753	Pospiviroid
185757	Coleviroid
185754	Cocadviroid
147262	Hostuviroid
11019	Alphavirus
143919	Betanodavirus
143920	Alphanodavirus
10878	Cystovirus
1511861	Amalgavirus
2560258	Zybavirus
12137	Sobemovirus
645516	Polemovirus
39750	Aquabirnavirus
39752	Entomobirnavirus
564643	Blosnavirus
39751	Avibirnavirus
39749	Hypovirus
2022856	Blunervirus
675070	Cilevirus
1513277	Higrevirus
143901	Benyvirus
104394	Picobirnavirus
11990	Levivirus
12008	Allolevivirus
186783	Ourmiavirus
2560105	Botoulivirus
85651	Omegatetravirus
85650	Betatetravirus
1678141	Orthohepevirus
1678142	Piscihepevirus
1921556	Sinaivirus
1285597	Megabirnavirus
1918013	Botybirnavirus
39760	Idaeovirus
1299297	Quadrivirus
185759	Pelamoviroid
564640	Elaviroid
185758	Avsunviroid
39759	Deltavirus
2022641	Nyfulvavirus
2022640	Invictavirus
11040	Rubivirus
1283209	Alphacarmotetravirus
1283211	Alphapermutotetravirus
674976	Dinornavirus
39742	Barnavirus
1915204	Albetovirus
1925802	Virtovirus
1917979	Aumaivirus
1921431	Papanivirus
186764	Fromanvirus
1982251	Pahexavirus
1623281	Cheoctovirus
1623295	Pegunavirus
1982898	Coopervirus
1982899	Pipefishvirus
1982897	Acadianvirus
1982900	Rosebushvirus
1623298	Phietavirus
1920866	Rogunavirus
187217	Tunavirus
1920860	Webervirus
1920865	Tlsvirus
2560123	Eclunavirus
1920864	Rtpvirus
2560145	Hanrivervirus
2560227	Sertoctavirus
1623284	Kostyavirus
1910991	Jerseyvirus
1910992	Kagunavirus
1910993	Cornellvirus
1623306	Timquatrovirus
1623305	Skunavirus
1623286	Casadabanvirus
2560124	Efquatrovirus
1623274	Biseptimavirus
187218	Tequintavirus
1982880	Likavirus
1982881	Arequatrovirus
1982879	Camvirus
2169622	Unaquatrovirus
2169621	Limdunavirus
2169654	Hendrixvirus
1623273	Triavirus
1623283	Chivirus
1623292	Omegavirus
1623278	Bronvirus
1623289	Dhillonvirus
2169634	Redivirus
1623280	Charlievirus
2169633	Buttersvirus
1982076	Korravirus
1623288	Liefievirus
1921558	Sitaravirus
1623275	Andromedavirus
1983734	Fishburnevirus
1623277	Bignuzvirus
1983735	Phayoncevirus
1623303	Brussowvirus
1623302	Saphexavirus
1982562	Soupsvirus
186532	Ceduovirus
2560220	Samistivirus
1299429	Yuavirus
1921544	Septimatrevirus
1912760	Cequinquevirus
1623304	Moineauvirus
1623296	Phicbkvirus
1982557	Smoothievirus
1623276	Barnyardvirus
1921125	Homburgvirus
1921117	Nonagvirus
2169636	Nymphadoravirus
2169635	Baxtervirus
1982370	Roufvirus
1921122	Nonanavirus
1623297	Stanholtvirus
1921709	Slashvirus
1623285	Corndogvirus
2560127	Emalynvirus
1623309	Xipdecavirus
308912	Lomovskayavirus
2169653	Doucettevirus
2560098	Beetrevirus
2560245	Unahavirus
2560112	Cetovirus
2560188	Nickievirus
1983744	Bongovirus
1623301	Reyvirus
1982569	Tinduovirus
1982218	Gordtnkvirus
1982748	Woesvirus
1982106	Demosthenesvirus
2560111	Ceetrepovirus
2560251	Vividuovirus
1921553	Seuratvirus
1982095	Abidjanvirus
1982745	Woodruffvirus
1623300	Coetzeevirus
1918017	Helsingorvirus
1623294	Pbi1virus
1623299	Phifelvirus
2560250	Vieuvirus
1623308	Wbetavirus
2560233	Sugarlandvirus
2560156	Jesfedecavirus
1623293	Oshimavirus
1922243	Sextaecvirus
1982367	Pepyhexavirus
1921696	Mardecavirus
2560139	Getseptimavirus
1982554	Papyrusvirus
1982091	Marvinvirus
1982372	Xiamenvirus
1982088	Mudcatvirus
1982236	Kelleziovirus
1982099	Amigovirus
1982152	Gordonvirus
1982239	Nipunavirus
1982355	Pamexvirus
2169658	Wizardvirus
2560214	Rimavirus
2560222	Sanovirus
2560158	Kairosalinivirus
1982227	Steinhofvirus
1920750	Mapvirus
1623282	Chenonavirus
2560106	Bowservirus
1982375	Rerduovirus
2049885	Vendettavirus
1982573	Titanvirus
2560149	Ikedavirus
2560144	Gustavvirus
1982111	Eiauvirus
2560150	Ilzatvirus
1982243	Incheonvrus
2560161	Kojivirus
2169612	Hawkeyevirus
2169613	Plotvirus
2560134	Galaxyvirus
2169652	Attisvirus
2560147	Holosalinivirus
2005059	Cronusvirus
2169655	Pulverervirus
1982244	Inhavirus
2169611	Brujitavirus
1623290	Cecivirus
2169651	Anatolevirus
1623287	Detrevirus
1623307	Lwoffvirus
1921434	Psavirus
186765	Lambdavirus
680116	Spbetavirus
2560242	Trinavirus
2560253	Weaselvirus
2560165	Lacusarxvirus
1982222	Jenstvirus
2560180	Myunavirus
2560210	Priunavirus
2560189	Novosibvirus
2560257	Yvonnevirus
2560121	Delepquintavirus
2560096	Bantamvirus
2560221	Samunavirus
1982113	Gaiavirus
2560099	Bendigovirus
2560193	Orchidvirus
1993858	Wildcatvirus
2560183	Nanhaivirus
2560137	Gamtrevirus
2560143	Gorjumvirus
1918718	Cbastvirus
1982359	Patiencevirus
2560115	Chunghsingvirus
1982566	Tankvirus
2560231	Sourvirus
2560249	Vidquintavirus
1982086	Laroyevirus
2560116	Cimpunavirus
2560171	Magadivirus
2560084	Ahduovirus
2560117	Cinunavirus
2560103	Bingvirus
2560213	Rigallicvirus
2560107	Britbratvirus
1982150	Gilesvirus
2560101	Betterkatzvirus
2169657	Trigintaduovirus
2560135	Galunavirus
2169656	Saundersvirus
2560178	Minunavirus
2560140	Ghobesvirus
2560240	Tortellinivirus
2560159	Klementvirus
2560129	Eyrevirus
2560223	Sasvirus
2560138	Gesputvirus
2560225	Scapunavirus
2560146	Hedwigvirus
2560192	Nyceiraevirus
2560122	Dismasvirus
1982101	Bernalvirus
2560126	Elerivirus
2560203	Pikminvirus
2560247	Vhulanivirus
2560167	Lilyvirus
2560243	Trippvirus
308911	Ravinvirus
1982104	Decurrovirus
2034998	Vegasvirus
1982220	Harrisonvirus
2560209	Poushouvirus
10663	Tequatrovirus
1913652	Mosigvirus
1914165	Dhakavirus
1985328	Slopekvirus
1913651	Krischvirus
1913654	Gaprivervirus
1913653	Gelderlandvirus
1198137	Schizotequatrovirus
1985329	Moonvirus
1985325	Jiaodavirus
1913650	Karamvirus
140410	Peduovirus
1196844	Hpunavirus
1198140	Felixounavirus
1985303	Mooglevirus
1985293	Kolesnikvirus
1985292	Suspvirus
680114	Bixzunavirus
1198980	Pbunavirus
1914852	Vequintavirus
1914850	Certrevirus
1914851	Seunavirus
2560095	Avunavirus
1921407	Pakpunavirus
1636617	Firehammervirus
1636618	Fletchervirus
1915205	Obolenskvirus
1912144	Lubbockvirus
1980936	Marthavirus
1925779	Nankokuvirus
1984776	Agricanvirus
2560244	Tulanevirus
1298971	Viunavirus
680115	Phikzvirus
1198138	Vidavervirus
1918725	Jilinvirus
2560128	Eneladusvirus
2169624	Machinavirus
1980937	Emdodecavirus
1984782	Radnorvirus
2560154	Jedunavirus
1922210	Vhmlvirus
1984788	Jimmervirus
186789	Punavirus
2560094	Asteriusvirus
2560086	Alcyoneusvirus
2169623	Erskinevirus
2560238	Tidunavirus
1980922	Chiangmaivirus
1912143	Biquartavirus
1921704	Tegunavirus
2560197	Otagovirus
2560133	Flaumdravirus
1921525	Kleczkowskavirus
1980938	Yokohamavirus
2560131	Ficleduovirus
1198976	Hapunavirus
2169625	Svunavirus
1984773	Abouovirus
1198139	Bcepmuvirus
186777	Muvirus
169682	Myohalovirus
2560207	Polybotosvirus
2560215	Ripduovirus
2560190	Noxifervirus
1980929	Seoulvirus
2560092	Aphroditevirus
2560216	Risingsunvirus
2560175	Metrivirus
1980921	Mieseafarmvirus
2560237	Thornevirus
2560148	Iapetusvirus
1984786	Elvirus
2560256	Winklervirus
2560113	Chakrabartyvirus
2560152	Ionavirus
2560109	Busanvirus
2560228	Shalavirus
2560204	Plaisancevirus
2560186	Nazgulvirus
2560239	Tijeunavirus
2560208	Popoffvirus
2560141	Gofduovirus
2560108	Brunovirus
110456	Teseptimavirus
1985711	Friunavirus
477967	Phikmvvirus
542837	Zindervirus
1920774	Drulisvirus
1985720	Przondovirus
2560202	Phimunavirus
1985733	Pradovirus
2560206	Pollyceevirus
2560184	Napahaivirus
680287	Rosenblumvirus
186846	Salasvirus
1982583	Cepunavirus
186794	Lederbergvirus
1981157	Traversvirus
1981159	Oslovirus
1981158	Diegovirus
1920762	Litunavirus
545932	Bruynoghevirus
1920753	Gamaleyavirus
680277	Kuravirus
1921184	Pagevirus
2560132	Fipvunavirus
1922329	Enhodamvirus
542960	Uetakevirus
2169641	Baltimorevirus
1720323	Lessievirus
1987146	Schmidvirus
2169643	Ithacavirus
1982587	Kafunavirus
1918522	Lightbulbvirus
1982576	Johnsonvirus
1982594	Luzseptimavirus
2169642	Jwalphavirus
1982590	Kochitakasuvirus
2560153	Jasminevirus
2560093	Aqualcavirus
2560102	Bifseptvirus
1984798	Perisivirus
2560248	Vicosavirus
542959	Rauchvirus
1720324	Hollowayvirus
371730	Enquatrovirus
2560235	Tabernariusvirus
2560181	Myxoctovirus
2560162	Krylovvirus
2560104	Bjornvirus
1922327	Wphvirus
1917990	Bequatrovirus
1911929	Caeruleovirus
1918010	Bastillevirus
1921016	Nitunavirus
1910931	Agatevirus
1985181	Tsarbombavirus
1857843	Kayvirus
1857889	Silviavirus
1980928	Sepunavirus
1857846	Twortvirus
1857844	Pecentumvirus
1918721	Siminovitchvirus
1857845	Okubovirus
2560160	Kochikohdavirus
2169536	Kuttervirus
2169532	Agtrevirus
2169534	Limestonevirus
10814	Begomovirus
10812	Mastrevirus
10813	Curtovirus
2022857	Capulavirus
1298630	Becurtovirus
1298631	Turncurtovirus
2034995	Grablovirus
220339	Topocuvirus
1298632	Eragrovirus
10483	Ichnovirus
10485	Bracovirus
742914	Cyclovirus
39725	Circovirus
325455	Gammapapillomavirus
333750	Alphapapillomavirus
325454	Deltapapillomavirus
934799	Taupapillomavirus
934800	Chipapillomavirus
333922	Betapapillomavirus
325462	Lambdapapillomavirus
334211	Pipapillomavirus
333921	Xipapillomavirus
1513238	Dyokappapapillomavirus
936057	Rhopapillomavirus
934804	Dyoiotapapillomavirus
935650	Psipapillomavirus
936058	Upsilonpapillomavirus
325456	Iotapapillomavirus
334202	Mupapillomavirus
936061	Omegapapillomavirus
1513246	Dyoxipapillomavirus
325458	Etapapillomavirus
325459	Epsilonpapillomavirus
325457	Kappapapillomavirus
1513244	Dyorhopapillomavirus
325461	Omikronpapillomavirus
1513241	Dyonupapillomavirus
1513240	Dyomupapillomavirus
1921772	Treisdeltapapillomavirus
935641	Dyoetapapillomavirus
1932911	Dyoupsilonpapillomavirus
1052159	Dyothetapapillomavirus
2169615	Treiskappapapillomavirus
1920494	Dyopsipapillomavirus
1922207	Treiszetapapillomavirus
475861	Nupapillomavirus
2169616	Treisthetapapillomavirus
1921776	Treisepsilonpapillomavirus
1932909	Dyotaupapillomavirus
1513245	Dyosigmapapillomavirus
1513239	Dyolambdapapillomavirus
935646	Dyoepsilonpapillomavirus
934802	Phipapillomavirus
1918728	Dyochipapillomavirus
333918	Zetapapillomavirus
1513242	Dyoomikronpapillomavirus
334213	Thetapapillomavirus
1513243	Dyopipapillomavirus
935635	Sigmapapillomavirus
1918730	Dyoomegapapillomavirus
1921823	Treisetapapillomavirus
1920492	Dyophipapillomavirus
2169614	Treisiotapapillomavirus
934803	Dyozetapapillomavirus
936056	Dyodeltapapillomavirus
2169650	Alefpapillomavirus
2060084	Pandoravirus
1805626	Pithovirus
10652	Badnavirus
10639	Caulimovirus
187214	Soymovirus
1232640	Solendovirus
186533	Cavemovirus
1748295	Rosadnavirus
187212	Tungrovirus
186845	Petuvirus
153135	Gammaretrovirus
11646	Lentivirus
140052	Betaretrovirus
153057	Alpharetrovirus
153136	Deltaretrovirus
153137	Epsilonretrovirus
2169668	Simiispumavirus
11640	Spumavirus
2169666	Felispumavirus
2169667	Prosimiispumavirus
2169665	Equispumavirus
2169664	Bovispumavirus
186666	Errantivirus
1507401	Bocaparvovirus
10803	Dependoparvovirus
1506574	Protoparvovirus
1511911	Tetraparvovirus
40121	Erythroparvovirus
1885570	Chapparvovirus
310911	Amdoparvovirus
1511888	Copiparvovirus
1511864	Aveparvovirus
10806	Ambidensovirus
40122	Iteradensovirus
136466	Brevidensovirus
1513201	Hepandensovirus
1513223	Penstyldensovirus
190729	Betasatellite
1993641	Deltasatellite
1891713	Alphapolyomavirus
1891714	Betapolyomavirus
1891716	Gammapolyomavirus
1891715	Deltapolyomavirus
1542744	Gemycircularvirus
1941236	Gemykibivirus
1985366	Gemygorvirus
1985367	Gemykrogvirus
1941238	Gemykolovirus
1985365	Gemyduguivirus
1985370	Gemyvongvirus
1985368	Gemykroznavirus
1985369	Gemytondvirus
687331	Alphatorquevirus
687332	Betatorquevirus
687333	Gammatorquevirus
227307	Gyrovirus
687339	Iotatorquevirus
1218487	Kappatorquevirus
687337	Etatorquevirus
687336	Zetatorquevirus
687335	Epsilontorquevirus
687338	Thetatorquevirus
1218489	Lambdatorquevirus
687334	Deltatorquevirus
2560179	Mutorquevirus
10319	Varicellovirus
10294	Simplexvirus
180252	Mardivirus
180255	Iltovirus
1232637	Scutavirus
10379	Rhadinovirus
10375	Lymphocryptovirus
548687	Macavirus
548688	Percavirus
10358	Cytomegalovirus
40272	Roseolovirus
10365	Muromegalovirus
548689	Proboscivirus
692606	Cyprinivirus
692605	Batrachovirus
172653	Ictalurivirus
1513230	Aurivirus
548686	Ostreavirus
10509	Mastadenovirus
10552	Aviadenovirus
100953	Atadenovirus
129876	Siadenovirus
2169619	Colecusatellite
2169618	Clecrusatellite
2169620	Gosmusatellite
2169617	Ageyesisatellite
2169627	Clostunsatellite
2169626	Babusatellite
2169630	Mivedwarsatellite
2169629	Milvetsatellite
2169628	Fabenesatellite
104766	Nanovirus
251096	Babuvirus
558016	Alphabaculovirus
558017	Betabaculovirus
558018	Gammabaculovirus
558019	Deltabaculovirus
10242	Orthopoxvirus
10260	Avipoxvirus
10257	Parapoxvirus
2005509	Centapoxvirus
10265	Capripoxvirus
10270	Leporipoxvirus
10282	Yatapoxvirus
1285599	Crocodylidpoxvirus
10278	Molluscipoxvirus
573055	Cervidpoxvirus
10275	Suipoxvirus
10286	Betaentomopoxvirus
62098	Alphaentomopoxvirus
40274	Chlamydiamicrovirus
10856	Bdellomicrovirus
10852	Spiromicrovirus
1910951	Alphatrevirus
1910952	Gequatrovirus
2169663	Porprismacovirus
2169662	Huchismacovirus
2169575	Bovismacovirus
2169661	Drosmacovirus
2169660	Dragsmacovirus
2169659	Cosmacovirus
1977139	Fibrovirus
1977141	Habenivirus
1977143	Saetivirus
1977142	Lineavirus
1977144	Vespertiliovirus
10875	Plectrovirus
10861	Inovirus
181084	Prasinovirus
181083	Chlorovirus
181085	Phaeovirus
181086	Prymnesiovirus
346673	Coccolithovirus
573012	Raphidovirus
10492	Ranavirus
10494	Lymphocystivirus
308906	Megalocytivirus
10491	Chloriridovirus
10487	Iridovirus
187213	Rudivirus
341940	Betalipothrixvirus
564646	Deltalipothrixvirus
341941	Gammalipothrixvirus
10405	Orthohepadnavirus
10437	Avihepadnavirus
10475	Alphafusellovirus
1299307	Betafusellovirus
1511853	Alphanudivirus
1511854	Betanudivirus
1513458	Marseillevirus
680194	Bicaudavirus
1911604	Alphapleolipovirus
1911605	Betapleolipovirus
1911606	Gammapleolipovirus
2169610	Protobacilladnavirus
2169609	Kieseladnavirus
1714268	Alphasphaerolipovirus
1714270	Gammasphaerolipovirus
1714269	Betasphaerolipovirus
1932924	Sputnikvirus
993034	Mavirus
315393	Mimivirus
1513234	Cafeteriavirus
2169670	Betatectivirus
2560136	Gammatectivirus
2169669	Alphatectivirus
43680	Ascovirus
1921707	Toursvirus
1285588	Bidensovirus
573054	Ampullavirus
1285591	Glossinavirus
1285593	Muscavirus
564645	Globulovirus
1511859	Alphaturrivirus
2022739	Alphatristromavirus
10660	Corticovirus
249585	Whispovirus
39743	Asfivirus
2560089	Alphaovalivirus
2169647	Alphaportoglobovirus
352476	Salterprovirus
1298634	Betaguttavirus
10473	Plasmavirus
1232647	Dinodnavirus
